Name,Threads,Size,branch-instructions,branch-misses in %,L3-cache-misses,L3-cache-miss-rate in %,L3-cache-references,cpu-cycles,total-instructions,IPC,cpu-clock,page-faults,L1-data-cache-loads,L1-instruction-cache-load-misses,LLC-load-misses,Exe-time,Speedup
matrix_multiplication,1,simsmall,143684436,0.21,65664709,48.3,135952510,9253339919,6198231440,0.67,3943.67,2413,3284835622,50053,65551272,3.767889977,1
matrix_multiplication,2,simsmall,279763702,0.11,65929676,48.569,135743873,8216107470,6355125441,0.77,3519.53,2772,3159218070,33541,65901746,1.844048023,2.043271069
matrix_multiplication,4,simsmall,283327885,0.1,67158355,49.254,136349806,8644178877,6353835750,0.74,3702.91,1776,3177617055,10434,66861668,0.990931034,3.802373573
matrix_multiplication,8,simsmall,287638885,0.1,73962101,54.35,136084681,8914081040,6393717376,0.72,3806,1788,3218620109,10216,73898040,0.552178144,6.823685462
matrix_multiplication,16,simsmall,300239815,0.1,76271406,56.012,136169963,9009863892,6419540885,0.71,3854.19,1813,3230948014,40422,76265372,0.271103859,13.89832661
matrix_multiplication,1,simmedium,1108380077,0.11,979017805,45.089,2171303685,1.02E+11,49537972215,0.48,43568.64,31460,25711937276,444244,973332142,45.04323697,1
matrix_multiplication,2,simmedium,2182634829,0.06,1002769896,46.108,2174821189,1.23E+11,50630817823,0.41,52787.59,55910,27082800533,196565,998174765,26.6810081,1.688213459
matrix_multiplication,4,simmedium,2186768244,0.06,987164673,45.422,2173320576,1.14E+11,50623294044,0.44,48730.6,41593,26024801513,221736,980996362,11.80249596,3.816416217
matrix_multiplication,8,simmedium,2192260051,0.06,956529700,43.942,2176803695,1.35E+11,50631827915,0.38,57794.89,37778,27000760755,305777,951085624,6.10406208,7.379223274
matrix_multiplication,16,simmedium,2213698776,0.06,1033469187,47.423,2179270633,1.74E+11,50549310175,0.29,74756.05,39505,28010383116,390426,1027678768,3.401567936,13.24190427
matrix_multiplication,1,simlarge,8724487703,0.07,8688996740,49.408,17586048526,1.14E+12,3.96E+11,0.35,488435.97,475779,2.28E+11,6012665,8590630202,508.3508101,1
matrix_multiplication,2,simlarge,17306573370,0.04,8691600478,49.434,17582254596,1.27E+12,4.04E+11,0.32,546184.41,1855088,2.21E+11,1956034,8594605344,308.374876,1.648483225
matrix_multiplication,4,simlarge,17309918502,0.04,8692460342,49.322,17624028786,1.55E+12,4.04E+11,0.26,662842.73,1421425,2.21E+11,2155883,8592768085,160.0937951,3.175331123
matrix_multiplication,8,simlarge,17314139501,0.04,8675125193,49.197,17633469695,1.60E+12,4.04E+11,0.25,689347.28,1082155,2.25E+11,2926972,8574266735,84.10574102,6.044186804
matrix_multiplication,16,simlarge,17344832250,0.04,8692952917,49.304,17631255943,1.58E+12,4.04E+11,0.26,684300.42,855617,2.25E+11,2694231,8587431194,48.23778915,10.53843509
linked_list,1,simsmall,103601901,0.02,128583,31.395,409570,464840080,405165902,0.87,300.75,766,161608480,47979,50636,24.7072041,1
linked_list,2,simsmall,93372815,0.05,198679,57.361,346365,424009753,369273348,0.87,278.81,801,159691059,90538,90446,12.37777901,1.996093491
linked_list,4,simsmall,98813267,0.02,134420,29.787,451267,485421303,362834085,0.75,292.2,798,151780673,87699,81270,6.203269005,3.982932883
linked_list,8,simsmall,105562450,0.02,102295,34.338,297904,481387021,395495593,0.82,333.77,772,160242895,96114,70763,3.147779942,7.849088743
linked_list,16,simsmall,106420421,0.02,144860,44.275,327185,551488167,413938642,0.75,306.68,664,177601194,71960,86574,1.604545116,15.39826076
linked_list,1,simmedium,94160806,0.04,171632,46.852,366330,693067281,510507027,0.74,486.22,734,194097559,167179,132109,51.30895305,1
linked_list,2,simmedium,93857991,0.04,165141,39.594,417090,485014146,404371425,0.83,352.84,797,167654757,129812,119421,25.6853621,1.997595083
linked_list,4,simmedium,75322059,0.07,225636,61.807,365066,859701642,550458255,0.64,485.88,790,192669495,185972,190903,12.86337709,3.988762257
linked_list,8,simmedium,98729102,0.03,151951,43.328,350696,739745228,465108761,0.63,466.67,813,191669946,190174,132203,6.459619045,7.943030802
linked_list,16,simmedium,97613624,0.04,137570,35.293,389792,594514802,478748446,0.81,401.39,781,181476803,178744,137997,3.281539917,15.63563277
linked_list,1,simlarge,135341724,0.04,377830,52.444,720444,1433235702,572125764,0.4,713.41,736,236314775,206996,237609,101.7179959,1
linked_list,2,simlarge,118788623,0.04,399320,54.33,734991,1147222164,502213934,0.44,609.74,801,217725671,201821,236271,50.90186906,1.998315539
linked_list,4,simlarge,134632773,0.04,321662,52.4,613864,1613176002,493707929,0.31,859.91,811,205989812,305717,285716,25.49378991,3.98991269
linked_list,8,simlarge,108213407,0.04,274998,40.663,676289,692300180,466337085,0.67,472.18,806,192278943,245032,216207,12.80052495,7.946392533
linked_list,16,simlarge,117017840,0.03,342307,54.178,631824,494532955,444797563,0.9,389.87,759,186078583,166769,159430,6.431880951,15.81465774
bubble_sort,8,simsmall,24348645,2.15,21582,1.56,1383040,219988635,125773876,0.57,107.56855,91,41687943,1094236,3187,0.034858942,0.262172643
bubble_sort,16,simsmall,46202441,2.1,26598,0.907,2931703,445832121,243316110,0.55,210.012245,108,74123136,2009031,79491,0.058597088,0.155964423
bubble_sort,1,simmedium,51068905,1.78,14826,31.178,47553,219385005,374111311,1.71,85.59025,80,197454566,13215,268,0.084980011,1
bubble_sort,2,simmedium,52020768,1.13,17471,9.637,181282,255601132,412831547,1.62,106.998617,84,216695073,8891,167,0.056192875,1.512291569
bubble_sort,4,simmedium,60354381,0.57,26336,8.478,310640,384815298,425359968,1.11,162.200507,85,185766892,11567,705,0.049585104,1.713821373
bubble_sort,8,simmedium,120376477,1.78,33117,0.642,5157777,1048916914,785202493,0.75,497.781109,94,318664382,4180528,2387,0.139605999,0.608713176
bubble_sort,16,simmedium,214887078,1.87,41076,0.355,11556763,1929062326,1259731503,0.65,887.92683,112,437427726,7285999,4857,0.240844011,0.352842533
bubble_sort,1,simlarge,190639877,2.98,19776,27.578,71710,899927303,1490835902,1.66,354.906906,84,786366936,43973,9715,0.360826015,1
bubble_sort,2,simlarge,214864349,2.11,18600,4.936,376795,1074388578,1596303355,1.49,455.712517,84,781588320,45536,2219,0.229311943,1.573516018
bubble_sort,4,simlarge,255121049,0.67,39458,6.911,570938,1719097325,1699448929,0.99,720.717988,92,791227555,71422,7700,0.163486004,2.207075878
bubble_sort,8,simlarge,334838428,1.63,31887,0.296,10779352,2571687947,2269604718,0.88,1181.887101,101,1024304522,8094867,10398,0.344394922,1.047710033
bubble_sort,16,simlarge,518387519,1.8,44478,0.198,22433344,4201618677,3202157895,0.76,1916.664372,118,1286740561,13122796,17214,0.561857939,0.642201508
counting_sort,1,simmedium,79148314,6.46,16041,18.782,85408,460358980,466897278,1.01,193.021856,88,205644155,16670,875,0.052879095,1
counting_sort,2,simmedium,77353314,6.44,15193,16.937,89701,449056464,467404487,1.04,188.295308,92,204622197,20128,1144,0.052187204,1.013257861
counting_sort,4,simmedium,78895244,6.34,16253,19.994,81289,468726843,475610976,1.01,196.510207,92,199072072,33898,1225,0.053936005,0.980404378
counting_sort,8,simmedium,76756946,6.47,18970,23.453,80886,446690014,466462970,1.04,187.239451,97,210371543,24751,1323,0.052580118,1.005686121
counting_sort,16,simmedium,79081357,6.45,35773,30.958,115552,460550857,468106680,1.02,193.551613,115,210098868,20159,701,0.054600954,0.968464672
counting_sort,1,simlarge,314679930,6.32,24556,19.393,126621,1723088608,1812939745,1.05,779.57261,96,865496372,32309,808,0.193397999,1
counting_sort,2,simlarge,305795757,6.33,32791,22.896,143219,1775798948,1861244568,1.05,744.264016,100,845608155,34848,2715,0.195856094,0.987449481
counting_sort,4,simlarge,307890463,6.36,32936,23.454,140428,1790240582,1853986538,1.04,749.282618,95,833958458,55225,3152,0.195909023,0.987182701
counting_sort,8,simlarge,306420226,6.21,43807,25.925,168979,1753330377,1851229744,1.06,756.919012,105,858068615,30106,698,0.195367098,0.98992103
counting_sort,16,simlarge,308762481,6.22,42764,21.519,198730,1788432742,1858522763,1.04,750.034047,122,842786760,41630,2369,0.196160078,0.985919259
odd-even,1,simmedium,28119054,1.58,15357,32.467,47300,125502815,271199627,2.16,47.491486,80,127067932,2723,131,0.054327965,1
odd-even,2,simmedium,37511723,0.65,26640,27.036,98535,108450108,243874934,2.25,71.409493,84,151862312,4489,107,0.034290075,1.584364114
odd-even,8,simmedium,66672870,1.66,40372,1.701,2373072,571352062,476548203,0.83,260.19648,93,178976383,1918472,1702,0.083840132,0.647994745
odd-even,16,simmedium,114168357,1.89,47676,0.848,5624785,1024776922,703832669,0.69,465.640944,111,235325307,3526137,18071,0.137443066,0.395276142
odd-even,1,simlarge,117716330,1.55,23780,37.747,62998,512391924,1048519485,2.05,193.314581,82,493910471,12648,4761,0.198167801,1
odd-even,2,simlarge,127352758,0.69,36526,23.496,155458,563916627,1052910882,1.87,236.200675,85,508263898,38202,10080,0.122683048,1.615282663
odd-even,4,simlarge,133960278,0.98,24330,7.504,324237,921493129,1110895327,1.21,386.218055,88,502612395,35898,15263,0.109378099,1.811768553
odd-even,8,simlarge,194823324,1.56,48626,1.118,4351245,1446916489,1456492885,1.01,633.150683,99,587492886,3402269,4566,0.211521149,0.936869917
odd-even,16,simlarge,281892660,1.92,28735,0.288,9988559,2255832923,1916068648,0.85,1007.474985,114,741116565,5865829,7716,0.31578207,0.627546082
histogram,1,simsmall,235663658,0.45,97505,60.296,161711,422296040,923158991,2.19,174.162095,1050,377597034,32856,100339,0.176192045,1
histogram,2,simsmall,235030916,0.45,90264,10.301,876231,434549353,933553875,2.15,182.97456,1052,378068279,19589,29584,0.115916967,1.519984944
histogram,4,simsmall,263722359,0.42,53961,4.876,1106573,688114144,937331918,1.36,284.744745,1059,355328827,46642,64201,0.107551098,1.638217077
histogram,8,simsmall,256526930,0.44,120389,11.185,1076362,675974228,928934877,1.37,280.210621,1065,348275855,60235,63879,0.107091904,1.645241509
histogram,16,simsmall,250558702,0.45,80704,7.192,1122176,672613338,937902038,1.39,277.537642,1082,361366933,44082,37934,0.107227087,1.64316732
histogram,1,simmedium,2324505094,0.47,652513,60.448,1079456,4268757218,9611348812,2.25,1640.272989,9842,3552242562,270581,565353,1.58961606,1
histogram,2,simmedium,2327068787,0.47,428606,6.382,6715743,4361125857,9651253135,2.21,1787.769601,9844,3489427587,179583,341820,1.099431038,1.44585336
histogram,4,simmedium,2336347535,0.47,824134,7.897,10436380,6801617639,9711858177,1.43,2812.993603,9846,3569532087,260166,806249,1.025774002,1.54967474
histogram,8,simmedium,2390270126,0.45,892575,8.892,10037994,6726619859,9775234569,1.45,2779.842474,9857,3590187235,264057,618143,1.034531116,1.53655703
histogram,16,simmedium,2346055566,0.47,718284,7.823,9182006,6865646602,9969699790,1.45,2832.164373,9875,3539948444,316392,635155,1.041576862,1.526162992
histogram,1,simlarge,23938265020,0.45,4949327,69.878,7082846,42511551817,98299778208,2.31,16012.16265,97733,35594453506,1088384,4451633,15.97339892,1
histogram,2,simlarge,23986457665,0.45,5835151,8.511,68559155,43874135881,98230345310,2.24,17930.39857,97732,35597484326,1565298,4740923,11.02085686,1.449379039
histogram,4,simlarge,24061424069,0.46,6554227,6.566,99818734,67996714376,1.01E+11,1.49,27937.75714,97737,35671840466,2625492,6058362,10.24746418,1.558766017
histogram,8,simlarge,24394880954,0.45,7551362,7.409,101916876,68675279621,99764786166,1.45,28283.48342,97748,35606720488,2682132,6676372,10.37651896,1.539379341
histogram,16,simlarge,24439387598,0.45,6892767,7.105,97016576,69102711478,99742355603,1.44,28464.15508,97762,35635698058,2696654,5668063,10.29161906,1.55207833
blackscholes,1,simsmall,207528132,2.84,1711719,11.424,14983462,1069569160,1181495485,1.1,598.729921,68832,332230908,6543167,640053,0.539733171,1
blackscholes,2,simsmall,222924284,2.65,1373993,9.725,14127863,1014579262,1198362194,1.18,543.9527,68816,313450086,6457436,857354,0.535134315,1.008593835
blackscholes,4,simsmall,200456191,2.68,1169610,7.387,15834395,1038165157,1128256321,1.09,578.425261,68812,321621843,5972870,684834,0.793646812,0.680067207
blackscholes,8,simsmall,241416438,2.11,795445,6.115,13008212,1037302739,1139755862,1.1,589.093715,69409,305349059,6831215,914974,0.521833897,1.034300713
blackscholes,1,simmedium,293033500,2.05,1166342,7.643,15259277,1314303311,1681716276,1.28,665.935666,69019,482439978,5963781,487208,0.656967402,1
blackscholes,2,simmedium,300310093,1.88,1054661,6.858,15378540,1330133300,1629645199,1.23,688.998206,68808,473075771,5695017,414415,0.599859476,1.095202173
blackscholes,4,simmedium,276619806,2.11,1271561,8.212,15484739,1476891383,1677915422,1.14,736.708792,68528,480009496,6124008,587144,0.573628187,1.145284378
blackscholes,8,simmedium,271273495,2.16,1081587,6.789,15931615,1424079971,1693537465,1.19,745.651004,68640,456463853,5790227,978008,0.567051649,1.15856713
blackscholes,1,simlarge,551503995,1.25,1113792,7.18,15513498,2514192888,3789234558,1.51,1129.304716,70086,1055392472,6602624,1040544,1.122462273,1
blackscholes,2,simlarge,526184632,1.32,1446541,8.695,16636965,2547359401,3846722125,1.51,1192.23775,70174,1143543651,6081429,559141,0.896522522,1.252017931
blackscholes,4,simlarge,519425079,1.39,1348716,8.023,16811422,3206120787,3878043424,1.21,1477.864504,69313,1136468680,5594717,576941,0.856683254,1.310241874
blackscholes,8,simlarge,564346196,1.29,1339509,9.222,14525410,3186466297,3868254400,1.21,1474.939971,70085,1058063491,6680843,914496,0.887112379,1.26529885
bodytrack,1,simsmall,190209838,2.79,1083541,7.828,13842388,843196083,931639948,1.1,474.410741,65545,263898406,5840589,492982,0.479322672,1
bodytrack,2,simsmall,182445763,2.95,880096,6.327,13910404,860967221,960953284,1.12,483.550685,65800,269528306,5783889,495455,0.482687473,0.993029027
bodytrack,4,simsmall,192587096,2.8,847599,6.013,14096187,849097192,920631556,1.08,484.483331,65462,263634253,5773446,551916,0.484246254,0.989832483
bodytrack,8,simsmall,200885638,2.78,876374,6.209,14114937,831385005,907464403,1.09,504.765135,65869,261510543,5790932,436915,0.485595226,0.987082751
bodytrack,1,simmedium,183137961,2.92,917344,6.553,13999890,852323174,963395483,1.13,487.630105,65473,260047400,5863936,423316,0.478734255,1
bodytrack,2,simmedium,191870622,2.82,898881,6.462,13909419,847508873,939579509,1.11,481.038678,66109,264353131,5747253,518074,0.465996027,1.027335486
bodytrack,4,simmedium,185301633,2.91,772806,5.706,13543904,817923259,935078246,1.14,495.62576,65215,263417202,6002532,547828,0.467996359,1.022944401
bodytrack,8,simmedium,186825396,2.77,885855,6.283,14098301,849830575,951171849,1.12,479.288696,65802,250242257,5564908,508154,0.478389263,1.000721153
bodytrack,1,simlarge,190774588,2.9,866514,6.339,13668611,836754506,930742846,1.11,502.343063,65812,260889517,5946103,446838,0.478377581,1
bodytrack,2,simlarge,204306152,2.76,1242685,8.943,13896104,858035154,913284067,1.06,500.520347,65814,260205478,5980823,493957,0.48866868,0.978940538
bodytrack,4,simlarge,192347052,2.83,1096343,7.739,14165931,847129142,929247009,1.1,523.374471,65610,253460229,6898677,666201,0.47375226,1.009763163
bodytrack,8,simlarge,194289850,2.7,1177871,8.284,14218496,858677592,925292831,1.08,482.202937,65244,266959352,5701139,737572,0.48473835,0.986877933
canneal,1,simsmall,542898172,2.66,15472615,37.008,41809155,3291922178,2532658019,0.77,1457.207973,78794,677922646,6693144,10608504,1.432606936,1
canneal,2,simsmall,546011109,2.71,13743432,32.348,42485847,3306859664,2554684765,0.77,1478.78472,78975,682431979,5084908,11022741,1.375815153,1.041278643
canneal,4,simsmall,571249848,2.73,14571420,34.226,42574581,3574503190,2500695559,0.7,1618.200511,78647,685937254,7150615,11050856,1.265090942,1.132414191
canneal,8,simsmall,545408192,2.73,14387155,34.323,41916359,3506089569,2523615295,0.72,1601.991832,78686,749869024,5942050,12176245,1.296334267,1.105121551
canneal,1,simmedium,949616726,2.74,41974248,49.357,85041336,7125559327,4420280642,0.62,3041.354226,88223,1202479276,7989956,32421613,3.015532017,1
canneal,2,simmedium,963521680,2.77,38197501,45.25,84414243,7058927696,4448797411,0.63,3136.69286,88253,1227584657,6262182,29091194,2.544032574,1.185335458
canneal,4,simmedium,965530824,2.74,41124951,48.24,85250084,8198014550,4471792963,0.55,3613.570577,88217,1161675451,6549268,30972922,2.486952066,1.21254127
canneal,8,simmedium,984381870,2.76,40454817,46.398,87190603,8205367221,4527811369,0.55,3579.747063,87911,1122830048,6578424,30965924,2.493018866,1.209590532
canneal,1,simlarge,1746774420,2.81,97236342,55.114,176427396,15073075724,8195850963,0.54,6352.464476,105951,2177729001,6582766,76068655,6.455526352,1
canneal,2,simlarge,1739570811,2.81,98945559,55.999,176690731,14753906086,8222205851,0.56,6934.517129,106174,2266611173,8056115,78282597,5.505507469,1.172557914
canneal,4,simlarge,1789277037,2.8,100092945,56.267,177888553,17443080717,8216898390,0.47,7865.746206,105915,2280443773,7491079,77912524,5.010539293,1.288389527
canneal,8,simlarge,1791144096,2.85,102303392,56.065,182472847,17727896550,8366540040,0.47,7940.960034,106327,2096666509,8213131,79419767,4.96453166,1.300329375
fluidanimate,1,simsmall,447322359,3.34,2202668,13.905,15840576,1667469010,2345345640,1.41,820.95501,87614,710792882,6650540,1563077,0.800424576,1
fluidanimate,2,simsmall,428188108,3.74,2500596,15.368,16271029,1965499476,2537280003,1.29,913.399411,91085,716767672,6486556,2216207,0.730672836,1.095462341
fluidanimate,4,simsmall,452373678,3.49,6512499,32.771,19872689,2611604917,2541921453,0.97,1128.156267,93892,721349130,8982809,3239282,0.80924058,0.989105831
fluidanimate,8,simsmall,518641440,2.98,3185744,16.307,19535754,2492814117,2801359172,1.12,1181.10618,99249,797884401,6956315,1643439,0.726945162,1.101079721
fluidanimate,1,simmedium,630790683,1.61,5098042,23.535,21661307,2357379859,4474357022,1.9,1052.809521,95361,1408769006,7394171,3720840,1.032808781,1
fluidanimate,2,simmedium,662099559,1.97,5222413,24.366,21433079,2530419696,4536535538,1.79,1188.593488,99427,1373194000,5534177,3334175,0.892938137,1.156640911
fluidanimate,4,simmedium,742992016,1.9,6129408,26.077,23505267,3621400688,4408524258,1.22,1628.306892,102278,1230319713,6531878,4490587,0.882126808,1.17081668
fluidanimate,8,simmedium,783895932,2.38,6695997,25.646,26109305,4026828500,4871385726,1.21,1812.74983,108894,1346972686,6296576,4970368,0.95203352,1.084844976
fluidanimate,1,simlarge,1616528197,1.02,11935729,36.792,32440714,4999631497,11197977192,2.24,2098.27587,147835,3263047452,6372735,8651153,2.094593048,1
fluidanimate,2,simlarge,1736277542,1.29,14141344,39.697,35622879,5599649040,11254217106,2.01,2463.822079,155155,3233404695,4737829,10850407,1.662075043,1.260227724
fluidanimate,4,simlarge,1741687559,1.53,15304241,40.493,37794465,8852497746,11775661102,1.33,3839.007938,162410,3237360442,6895825,13200085,1.602020979,1.307469175
fluidanimate,8,simlarge,1879070126,2.02,20193261,44.833,45040962,9801867568,12131021809,1.24,4236.487048,176493,3477074812,7435682,14771284,1.76546526,1.186425525
freqmine,1,simsmall,605641246,4.03,2530547,12.986,19486616,2127296836,2891339840,1.36,998.857808,80914,841956659,7107118,1593112,0.990946293,1
freqmine,2,simsmall,625399677,3.85,3251222,15.271,21289505,2262778552,2912611518,1.29,1055.476831,81524,836174638,7706647,1724784,0.813737631,1.217771251
freqmine,4,simsmall,682780326,3.84,1642222,7.621,21549152,2798996526,2809572965,1,1313.975655,82736,807351847,5906261,1493034,0.76484704,1.295613686
freqmine,8,simsmall,620362642,3.76,2687360,10.785,24918158,2665184084,2894230796,1.09,1279.255027,83975,838994326,5916334,1850235,0.754407406,1.313542636
freqmine,1,simmedium,1655657393,3.47,4744528,15.668,30281740,5568505586,9188463096,1.65,2293.270584,92612,2953334393,6427029,4412364,2.213691711,1
freqmine,2,simmedium,1719506217,3.51,5047193,16.703,30217502,5533282536,9182333496,1.66,2479.126555,92939,2778856546,7441752,3692629,1.536657333,1.440589039
freqmine,4,simmedium,1634959535,3.64,6325803,16.601,38105076,8493502432,9249692024,1.09,3726.05609,93006,2832569173,5085283,4450873,1.394612551,1.587316642
freqmine,8,simmedium,1708652139,3.57,6350419,17.837,35602661,8269384307,9177469992,1.11,3638.943369,95231,2786699281,6205548,4647807,1.444241524,1.532771129
freqmine,1,simlarge,5306873806,2.79,12886134,26.261,49070146,16656499177,32417544904,1.95,6442.799956,112913,9883704058,7701040,11074242,6.406285048,1
freqmine,2,simlarge,5234971150,2.8,12505364,25.633,48785392,17566088088,32522540583,1.85,7459.678247,112878,9839714041,7692040,10010135,4.190469742,1.528774921
freqmine,4,simlarge,5314766691,2.87,18501502,31.211,59278637,28804527032,32410300882,1.13,12206.10523,113809,9701612155,8547896,14935624,3.602548599,1.778264712
freqmine,8,simlarge,5277772819,2.94,14932578,25.798,57883453,28443163467,32440023351,1.14,11995.13558,116339,9811985147,8052508,13046561,3.664032936,1.748424525
streamcluster,1,simsmall,306037516,1.97,1241722,4.193,29612500,1454603328,2088029167,1.44,720.996281,69170,797629741,6173204,668301,0.715734005,1
streamcluster,2,simsmall,311245211,1.97,852630,2.589,32931924,1563829708,2144452673,1.37,786.865474,69160,760579483,6030773,770953,0.62616086,1.143051332
streamcluster,4,simsmall,340603160,1.82,913983,2.751,33229322,2172967720,2365775262,1.09,1033.842265,68533,732667220,7180351,646887,0.597725153,1.197429958
streamcluster,8,simsmall,8879875685,0.13,1353040,2.473,54715067,39751977413,40760430243,1.03,16901.52235,68255,13527708076,17761465,795382,5.004614592,0.14301481
streamcluster,1,simmedium,468038860,1.42,10859487,12.853,84492927,3695983513,5308993246,1.44,1562.127487,69526,2148493530,7123006,9901495,1.555947304,1
streamcluster,2,simmedium,484664505,1.32,12735523,15.246,83536175,3712651511,5316887158,1.43,1698.738816,68938,2171526530,6527092,11669043,1.083568335,1.435947558
streamcluster,4,simmedium,582866783,1.28,7016347,7.74,90647330,5403722628,5729800333,1.06,2405.805636,68679,2202508279,6256798,6672939,0.952178717,1.634091664
streamcluster,8,simmedium,10360936042,0.14,13662023,12.354,110583859,48744602852,50018780343,1.03,20664.72994,69562,16934565918,21056720,13221302,6.011892557,0.258811562
streamcluster,1,simlarge,969401425,0.89,294921237,87.575,336764450,19353900027,20171301518,1.04,7498.860271,70283,8885475540,7935116,293479007,7.326350451,1
streamcluster,2,simlarge,1023123500,0.85,297101471,86.549,343275847,20190629814,20181791530,1,8664.723954,70569,8847611761,7075314,295204688,4.551538706,1.609642568
streamcluster,4,simlarge,1295253473,0.81,290060782,84.391,343710410,29611488898,21290130945,0.72,12607.97131,70595,9111773949,8457299,290955777,3.531603098,2.074511276
streamcluster,8,simlarge,13367603304,0.13,286877568,77.382,370728218,82942774123,76328307470,0.92,35080.17745,70585,27382588709,27114053,293967185,9.75838232,0.750775099
swaptions,1,simsmall,454977100,1.87,1969822,11.358,17343594,1862066768,2686054576,1.44,878.400106,68313,870840858,7599549,739331,0.832803726,1
swaptions,2,simsmall,448811826,1.93,1076792,7.363,14625073,1713320163,2708223525,1.58,841.323876,68379,801599704,5975099,742893,0.661284685,1.259372468
swaptions,4,simsmall,477176864,1.92,1343996,7.753,17335501,2298451743,2768349128,1.2,1119.20619,68681,827897240,6228769,496423,0.633677006,1.314240092
swaptions,8,simsmall,510525696,1.86,1333376,8.481,15722651,2431692685,2867021464,1.18,1176.357523,69122,827040783,6763705,832193,0.703123569,1.184434376
swaptions,1,simmedium,1210957591,1.51,853652,6.039,14135884,4072175183,7920991920,1.95,1732.834414,68863,2469989874,6534341,688005,1.714621305,1
swaptions,2,simmedium,1197940615,1.46,980160,7.105,13794598,4234414553,8071645090,1.91,1912.812374,68775,2476686778,7687376,953326,1.17668891,1.4571577
swaptions,4,simmedium,1207054059,1.45,812856,5.851,13892245,5942507365,8065605394,1.36,2636.518827,68498,2350918454,6595570,473382,1.024782658,1.673156052
swaptions,8,simmedium,1244382889,1.47,1169442,7.503,15585325,6193591938,8239660339,1.33,2760.383798,68866,2361603434,7229087,580465,1.071068764,1.600850817
swaptions,1,simlarge,4211440144,1.41,757609,5.006,15133047,13914496295,29263872770,2.1,5393.960671,68460,8788463697,10244103,806071,5.347098351,1
swaptions,2,simlarge,4260438928,1.33,1121782,6.255,17933245,14053888993,29174792771,2.08,6019.997417,68943,8767520269,8745026,754920,3.208161831,1.666717152
swaptions,4,simlarge,4334589476,1.32,1188924,5.65,21044377,22064258677,29833561347,1.35,9402.674962,69329,8792384531,10023699,553913,2.694900751,1.984154091
swaptions,8,simlarge,4477126458,1.33,1558606,6.581,23684789,22948319303,30507946993,1.33,9792.379135,69350,9080751685,9103926,666092,2.787002563,1.918583937
facesims,1,simsmall,165730271,2.94,972284,7.384,13168237,834320596,896294592,1.07,470.715526,61431,240779275,5930185,641432,0.463504791,1
facesims,2,simsmall,181992855,2.81,778213,5.945,13089694,775151934,859402476,1.11,448.853984,61189,246164713,5527516,510044,0.459233999,1.009299817
facesims,4,simsmall,181246577,2.79,896377,6.897,12996337,803291272,880027986,1.1,463.118582,61961,244261956,5512415,497186,0.426310539,1.087246851
facesims,8,simsmall,181745964,2.78,809935,6.161,13145573,791412742,856404354,1.08,457.61715,61442,241597953,5533066,492404,0.445212841,1.041085855
facesims,1,simmedium,179900207,2.76,851219,6.634,12831344,804092089,870035273,1.08,458.016564,61672,245301591,5688021,408427,0.452038288,1
facesims,2,simmedium,184227165,2.79,931198,7.055,13198504,786048507,864015130,1.1,458.433211,61967,238290563,5880084,662009,0.440430403,1.026355777
facesims,4,simmedium,174581039,2.81,915439,7.11,12876052,791269604,891266145,1.13,458.623725,61976,252418336,5680242,533186,0.454357386,0.994895874
facesims,8,simmedium,177034356,2.85,880358,6.788,12969824,794413035,879115613,1.11,452.069088,61977,254809220,5536299,557970,0.450328827,1.003796029
facesims,1,simlarge,174509918,2.89,655743,5.037,13017445,787132859,897181028,1.14,470.531805,61940,238250744,5585803,500542,0.448547602,1
facesims,2,simlarge,183035006,2.77,885532,6.722,13174426,795286737,856638064,1.08,455.867055,61407,245457388,5457678,454406,0.442166328,1.014431839
facesims,4,simlarge,176271758,2.92,828121,6.354,13032778,785322780,881857994,1.12,469.366411,62004,241920871,5571970,484662,0.452029228,0.992297785
facesims,8,simlarge,175841402,2.87,847340,6.456,13124425,795437885,889177990,1.12,453.165108,61957,234493612,5615786,502554,0.454440117,0.987033462
ferret,1,simsmall,185426578,2.84,1062302,7.575,14023097,863917199,946437257,1.1,492.898738,65831,263935627,5762838,570355,0.492126465,1
ferret,2,simsmall,184502108,2.98,1196907,8.294,14431085,851518668,961929280,1.13,528.736467,65314,262556544,6005935,688226,0.476819038,1.03210322
ferret,4,simsmall,190271187,2.88,759206,5.38,14112330,868639277,948331505,1.09,498.018895,66129,254839804,5687505,536678,0.492700815,0.998834282
ferret,8,simsmall,190718060,2.8,1721548,11.824,14559222,925615892,936411210,1.01,484.130835,65271,250257419,6849699,1350224,0.485281467,1.014105211
ferret,1,simmedium,188612390,2.8,896799,6.603,13581875,862808672,928838031,1.08,486.468101,65503,271504343,6132102,713667,0.511664391,1
ferret,2,simmedium,183273004,2.96,1179830,8.589,13736429,860692239,946779283,1.1,487.272947,65543,258489614,5866132,505353,0.49166131,1.040684674
ferret,4,simmedium,180745300,2.91,907109,6.467,14027729,842900562,946866796,1.12,486.516435,65485,271872824,5800669,634538,0.504601955,1.013996052
ferret,8,simmedium,187398273,2.86,948209,6.816,13911659,864651466,940673756,1.09,486.616212,65771,266340540,5792734,534582,0.490329027,1.04351234
ferret,1,simlarge,193015620,2.74,1215108,9,13500463,857119302,926998287,1.08,490.004803,65510,265840125,6324911,463946,0.510487556,1
ferret,2,simlarge,191467871,2.82,883962,6.411,13788523,835668940,924034017,1.11,479.365481,64992,257220058,5918000,386495,0.501083136,1.018768185
ferret,4,simlarge,191455579,2.82,1395633,9.709,14374147,866768845,935979834,1.08,481.616776,65820,247109731,5694420,487395,0.485751629,1.050922995
ferret,8,simlarge,200368679,2.86,1537784,10.72,14345400,923795544,926494695,1,534.045709,65500,234965581,5789285,641060,0.502356052,1.016186735
streamcluster,1,simsmall,477321653,3.5,8535063,7.916,107817541,5090221473,2903576945,0.57,2209.81,136398,1349583157,41950659,8188583,0.795,1
streamcluster,2,simsmall,595362996,3.07,8560020,7.744,110535200,6151555862,3390305006,0.55,2677.92,136319,1578688415,49386178,8915359,2.121,0.374823197
streamcluster,4,simsmall,4162666327,0.58,10471647,7.032,148921875,26470151351,19462304148,0.74,11481.64,137099,8875552150,65896687,10338615,5.417,0.146760199
streamcluster,8,simsmall,10867344572,0.36,13102406,5.824,224974098,66196319013,49393791886,0.75,28866.65,136986,22415052319,103758749,12178243,12.121,0.065588648
streamcluster,1,simmedium,654730993,2.74,21490776,12.549,171250825,9306939461,6162394418,0.66,4019.94,137426,2923685478,42699718,20639802,2.844,1
streamcluster,2,simmedium,1848831372,1.19,27341401,14.031,194869470,15956871943,11532407247,0.72,6883.24,137997,5436008122,58588190,26801583,2.897,0.981705212
streamcluster,4,simmedium,5226195319,0.58,26617366,11.214,237355896,37036972660,26558049957,0.72,16056.19,138462,12305704853,84081486,25954371,7.693,0.369686728
streamcluster,8,simmedium,12430884798,0.38,29363480,8.932,328749343,79356406285,59054457768,0.74,34561.97,138769,26911768387,136739035,28732644,14.495,0.196205588
streamcluster,1,simlarge,1179592407,1.8,82919325,18.171,456339689,31003479153,20995787199,0.68,13299.09,145086,10162230805,47584871,81817592,12.309,1
streamcluster,2,simlarge,1863548375,1.37,89245848,18.357,486174045,41140226915,24172866437,0.59,17736,145055,11551445178,62263078,88348335,9.893,1.24421308
streamcluster,4,simlarge,6641600495,0.5,91912702,17.667,520254173,65115014855,45686889837,0.7,28231.55,145047,21434461063,77805320,92730980,17.689,0.695856182
streamcluster,8,simlarge,15675876700,0.33,98322816,15.52,633516625,1.18E+11,86439147339,0.73,51095.37,151747,39584440243,136722643,96625747,23.303,0.528215251
blackscholes,1,simsmall,352301289,4.6,8028309,9.27,86601346,4059355102,1718828118,0.42,1753.69,135731,881792907,42928673,7767489,0.01,1
blackscholes,2,simsmall,374118820,4.41,9056682,10.437,86772651,4561564434,1746050345,0.38,1979.64,135557,907069135,46443024,8939750,0.011,0.909090909
blackscholes,4,simsmall,376611631,4.64,9722988,10.239,94957343,4378821741,1824844624,0.42,1910.14,135750,950515349,50421838,9536654,0.01,1
blackscholes,8,simsmall,369179449,4.49,9110480,10.111,90102138,4247839798,1863311254,0.44,1859.24,135655,955345689,43878078,8721484,0.01,1
blackscholes,1,simmedium,373272816,4.21,8163870,9.604,85007175,4051249295,1777987034,0.44,1766.4,136028,911789695,41187238,7730753,0.018,1
blackscholes,2,simmedium,438256517,3.87,8579550,9.329,91968461,4323455488,1890828388,0.44,1908.32,135773,991499396,47298952,8557108,0.006,3
blackscholes,4,simmedium,379268983,4.71,10210086,10.573,96567587,4566471025,1771610395,0.39,2000.38,136023,939959104,51720533,9952100,0.009,2
blackscholes,8,simmedium,380905120,4.16,7566814,8.768,86298912,4205311618,1780097524,0.42,1812.71,135748,920389938,42911555,7645256,0.015,1.2
blackscholes,1,simlarge,387238624,4.23,8620018,9.474,90985973,4321675747,1804253032,0.42,1886.04,135736,928450715,43827636,8136740,0.02,1
blackscholes,2,simlarge,375835091,4.22,7147779,8.435,84737513,3899112793,1725486031,0.44,1685.75,135690,905941828,40822395,6863970,0.034,0.588235294
blackscholes,4,simlarge,382895188,4.44,9396407,10.021,93767116,4205413748,1785499106,0.42,1858.77,135783,927096575,48894572,9207575,0.004,5
blackscholes,8,simlarge,392182122,4.29,8834742,9.475,93241810,4458447344,1743871567,0.39,1949.99,136016,914391864,46372241,8241139,0.01,2
bodytrack,1,simsmall,370274421,4.29,8869142,10.512,84371570,4217019081,1807989034,0.43,1835.42,136354,933180358,41785774,8535395,0.326,1
bodytrack,2,simsmall,383059624,4.41,9105306,10.05,90604126,4295263559,1834232185,0.43,1885.54,136273,942784229,46867324,8677316,0.102,3.196078431
bodytrack,4,simsmall,382363924,4.52,9677210,10.637,90980193,4552915035,1845390320,0.41,1981.4,136298,950693368,49064047,9565485,0.027,12.07407407
bodytrack,8,simsmall,387588476,4.64,10107677,10.394,97247906,4823711575,1844926259,0.38,2138.11,136164,968274706,52391120,9525888,0.836,0.389952153
bodytrack,1,simmedium,386825742,4.41,8656738,9.481,91308852,4155106375,1767185708,0.43,1827.46,136392,922150936,45694689,8102758,0.019,1
bodytrack,2,simmedium,385155269,4.02,7920298,9.509,83292489,4214787734,1837311258,0.44,1829.21,136382,958658753,39669439,7360473,0.026,0.730769231
bodytrack,4,simmedium,376988763,4.31,8759967,9.894,88541712,4093946077,1767027314,0.43,1778.66,136511,914836663,42597488,8247939,0.071,0.267605634
bodytrack,8,simmedium,372833854,4.54,9795648,10.601,92404950,4214241937,1834516235,0.44,1829.51,136335,937646375,47702405,9281321,0.035,0.542857143
bodytrack,1,simlarge,373998643,4.51,8973231,9.756,91972119,4230583517,1862744347,0.44,1833.78,136317,946837605,46691186,8744135,0.248,1
bodytrack,2,simlarge,389533056,4.48,9959764,10.575,94180088,4564492785,1808677411,0.4,1998.35,136141,949311770,49455167,9058112,0.104,2.384615385
bodytrack,4,simlarge,388858755,4.65,9259697,9.393,98582144,4650830192,1813279769,0.39,2029.26,136392,950545576,50025025,8976600,0.084,2.952380952
bodytrack,8,simlarge,387606291,4.4,9787038,10.382,94271774,4262949801,1764169257,0.41,1857.6,136175,927241150,49343893,9068829,0.074,3.351351351
canneal,1,simsmall,388336014,4.34,8370594,9.383,89209703,4157607798,1760565178,0.42,1812.44,130043,917831692,45034185,7947338,0.132,1
canneal,2,simsmall,373629323,4.36,9038680,10.369,87171815,4050347340,1818820072,0.45,1763.32,130148,932448595,44638080,9081838,0.059,2.237288136
canneal,4,simsmall,367194581,4.36,8676986,10.093,85972743,4103379527,1760660318,0.43,1796.07,130048,907669582,42751488,7626803,0.078,1.692307692
canneal,8,simsmall,368614288,4.75,9349694,10.067,92875955,4314865451,1796410346,0.42,1883.58,130032,914962967,48908379,9382792,0.096,1.375
canneal,1,simmedium,420404172,3.88,8141020,9.214,88352887,4370116686,1888466624,0.43,1905.09,130219,983503986,43689818,7823041,0.101,1
canneal,2,simmedium,382653380,4.23,9301307,10.734,86651117,4226340697,1745485735,0.41,1827.92,130093,889973928,44147360,8980013,0.088,1.147727273
canneal,4,simmedium,378368529,4.43,8297084,9.49,87429748,4287537515,1820846110,0.42,1879.02,130086,936437044,45873060,8003307,0.044,2.295454545
canneal,8,simmedium,380996657,4.39,9108224,10.412,87476371,4195472961,1758303256,0.42,1823.95,130122,914923204,43344320,8843933,0.126,0.801587302
canneal,1,simlarge,379655626,4.32,7677395,8.882,86437677,4088416034,1795996345,0.44,1774.12,130028,921469435,41942935,7391131,0.104,1
canneal,2,simlarge,373586349,4.25,6970198,8.194,85061356,4000408160,1771871730,0.44,1730.61,130393,911201466,42267260,6943218,0.055,1.890909091
canneal,4,simlarge,377689559,4.54,9139333,10.195,89645185,4659484878,1789345085,0.38,2018.15,130077,932262125,47288361,8953229,0.088,1.181818182
canneal,8,simlarge,375272050,4.23,7575626,8.936,84771736,4072865288,1735370145,0.43,1771.92,130279,896820831,40297067,7480045,0.093,1.11827957
facesim,1,simsmall,367626796,4.63,9659926,10.539,91657319,4082199757,1796981035,0.44,1779.01,130647,926699614,46668955,8916987,0.039,1
facesim,2,simsmall,468957688,3.74,9038055,9.667,93490110,4568467422,1951460480,0.43,1995.22,130647,1027733527,47107200,8383622,0.129,0.302325581
facesim,4,simsmall,375728601,4.26,8228178,9.542,86232130,4000808793,1765342094,0.44,1739.35,130898,913365476,42687989,7679847,0.039,1
facesim,8,simsmall,370410418,4.42,8699962,10.295,84504671,4155639100,1773701815,0.43,1803.61,130695,905301827,43111838,8502432,0.078,0.5
facesim,1,simmedium,366761663,4.48,8799852,10.072,87370641,4229607964,1785499669,0.42,1834.84,130788,920264538,44969324,8645329,0.037,1
facesim,2,simmedium,381251508,4.12,7607793,8.975,84766505,4124215166,1816285908,0.44,1776.84,130443,929520722,40371625,7090498,0.019,1.947368421
facesim,4,simmedium,372088141,4.41,8590511,9.918,86618978,4042187896,1799066411,0.45,1747.28,130675,924675039,45151048,8321098,0.036,1.027777778
facesim,8,simmedium,377011130,4.52,8842801,9.752,90674492,4257250853,1755440840,0.41,1859.07,130756,914620604,45158732,8875929,0.052,0.711538462
facesim,1,simlarge,376991829,4.34,7924105,9.154,86568732,4282953137,1744240539,0.41,1863.43,130934,906054654,42290427,7834263,0.05,1
facesim,2,simlarge,372118286,4.67,9399287,10.075,93288585,4170853587,1765148710,0.42,1809.07,130472,907598692,48365999,9135642,0.063,0.793650794
facesim,4,simlarge,504328661,3.23,8796209,10.077,87290150,4610817875,2100661805,0.46,2009.14,130808,1093353265,43382026,7997502,0.04,1.25
facesim,8,simlarge,367495949,4.52,8150480,9.431,86421732,4040206446,1749077209,0.43,1746.62,130751,896165904,45060784,8397785,0.042,1.19047619
ferret,1,simsmall,372629859,4.24,7072732,8.56,82629003,4024508625,1786272190,0.44,1742.83,129807,913557094,39617053,7310986,0.062,1
ferret,2,simsmall,374280262,4.55,9350014,10.351,90332649,4345142625,1759822076,0.41,1888.27,129855,902719237,46727921,9493248,0.008,7.75
ferret,4,simsmall,375715135,4.35,7583039,8.703,87129203,4059132573,1720559720,0.42,1769.65,129631,898371252,45150503,7866604,0.011,5.636363636
ferret,8,simsmall,362894281,4.65,8901963,9.826,90600383,3976679777,1784730743,0.45,1729.39,129825,923630066,48432488,9290271,0.01,6.2
ferret,1,simmedium,370849955,4.23,8077100,9.724,83059779,4068375725,1789331441,0.44,1759.99,129845,917104080,41543259,8294132,0.01,1
ferret,2,simmedium,378900091,4.31,8090018,9.168,88243483,4210627400,1780610211,0.42,1821.08,129844,918479522,43299986,7551890,0.011,0.909090909
ferret,4,simmedium,380778382,4.14,7179371,8.438,85083039,4079718847,1738852538,0.43,1753.72,129816,899363274,39957415,7258583,0.016,0.625
ferret,8,simmedium,366807768,4.42,8071287,9.343,86392080,4013066803,1746850710,0.44,1748.11,129876,898277783,42395977,7532205,0.01,1
ferret,1,simlarge,362808641,4.32,6776405,8.223,82404853,4098545647,1811809231,0.44,1778.01,129916,912357361,38896009,6174910,0.01,1
ferret,2,simlarge,370056892,4.41,7222159,8.359,86402299,4115581404,1770569009,0.43,1793.29,129704,910124369,41687919,6703779,0.004,2.5
ferret,4,simlarge,380156952,4.19,6627790,7.932,83552553,3984446268,1767613162,0.44,1742,129763,910435677,38397679,6558462,0.01,1
ferret,8,simlarge,370854898,4.19,7478316,8.817,84819013,3889436523,1747713414,0.45,1687.27,129819,901286103,40429722,7103096,0.005,2
fluidanimate,1,simsmall,359920712,4.42,9304779,11.213,82979710,4519393988,1737485691,0.38,1967.08,129970,898982558,42969244,8647686,0.015,1
fluidanimate,2,simsmall,371661267,4.39,8644073,9.687,89236242,4042389064,1787647391,0.44,1764.94,130047,914597380,42826992,8091234,0.019,0.789473684
fluidanimate,4,simsmall,383886776,4.07,7379663,9.054,81511658,4368919090,1813141735,0.42,1894.38,130093,929860661,40462251,7265139,0.006,2.5
fluidanimate,8,simsmall,371899447,4.17,8826102,10.511,83969762,4196466770,1828048542,0.44,1824.35,130047,934017185,39716417,7842164,0.022,0.681818182
fluidanimate,1,simmedium,367782657,4.57,7667712,8.854,86605586,4581413609,1733704931,0.38,1992.08,130034,893804610,43886398,7802008,0.013,1
fluidanimate,2,simmedium,369475393,4.28,7711591,9.318,82757015,4120637929,1820551629,0.44,1786.12,130000,929046924,39663791,7181839,0.013,1
fluidanimate,4,simmedium,375444121,4.33,8156858,9.614,84847127,4085781504,1702196952,0.42,1778.49,129981,879821469,42368158,8010965,0.01,1.3
fluidanimate,8,simmedium,387328395,4.07,7693493,9.127,84294620,4150867685,1762335114,0.42,1796.21,130393,919396995,41359124,7413376,0.019,0.684210526
fluidanimate,1,simlarge,365310062,4.33,6958220,8.359,83238356,4094688485,1763973613,0.43,1768.45,129738,898855422,40230688,7260700,0.014,1
fluidanimate,2,simlarge,365454799,4.46,7337772,8.662,84712053,4316873597,1758174188,0.41,1884.71,129929,908641065,40400843,7235832,0.009,1.555555556
fluidanimate,4,simlarge,363461670,4.26,7657376,8.906,85980886,3984582400,1713331990,0.43,1728.59,129787,881534266,40618052,7558391,0.015,0.933333333
fluidanimate,8,simlarge,382997118,3.92,7189282,8.864,81102616,4040725662,1775222147,0.44,1747.91,130037,915229414,37790209,6714323,0.018,0.777777778
freqmine,1,simsmall,388390824,4.29,9124089,10.043,90852240,4238206856,1782304788,0.42,1849.45,130031,925323077,46494415,8901898,0.01,1
freqmine,2,simsmall,509831284,3.41,8642856,9.585,90171381,4850791537,2129778295,0.44,2142.4,130061,1113838520,46123601,8686172,0.022,0.454545455
freqmine,4,simsmall,369350503,4.5,7886014,9.066,86980609,4350786667,1753664631,0.4,1885.9,130086,899956276,44455225,7393773,0.018,0.555555556
freqmine,8,simsmall,362793315,4.56,8185714,9.434,86768626,4217567956,1764455601,0.42,1830.34,130370,903539044,42552101,8229069,0.012,0.833333333
freqmine,1,simmedium,369762406,4.45,8778733,10.159,86413834,4538479214,1765373360,0.39,1978.06,129978,910804144,43099687,8270267,0.008,1
freqmine,2,simmedium,377566800,4.54,9329230,10.532,88583917,4199351363,1840481455,0.44,1824.29,130328,944994866,46940602,8938921,0.013,0.615384615
freqmine,4,simmedium,382744517,4.37,9870250,10.879,90730032,4211226698,1788090266,0.42,1842.37,129970,922686824,46880940,8955438,0.012,0.666666667
freqmine,8,simmedium,389717684,4.18,7394870,8.433,87686870,4207069390,1725893783,0.41,1841.12,130328,902908205,42720454,7020704,0.025,0.32
freqmine,1,simlarge,520918112,3.21,9215246,10.297,89498518,4729952132,2188283266,0.46,2073.6,130161,1140327567,45645037,9334819,0.09,1
freqmine,2,simlarge,390039772,4.16,7684540,9.166,83835956,4081709601,1757464293,0.43,1787.8,130078,920809146,42833646,7740080,0.013,6.923076923
freqmine,4,simlarge,366062350,4.48,7324282,8.69,84280280,4279452782,1722649440,0.4,1869.95,130039,890016419,43661690,7214349,0.014,6.428571429
freqmine,8,simlarge,382446739,4.55,9566433,10.153,94226268,4438548719,1799656535,0.41,1929.66,130033,927347799,48972038,9099298,0.045,2
swaptions,1,simsmall,622987492,3.73,9112386,7.938,114792821,6676278028,3678985194,0.55,2870.9,136490,1755608661,52034040,8859388,0.947,1
swaptions,2,simsmall,641528431,3.55,8461273,7.592,111450302,7486504430,3629921897,0.48,3249.58,136406,1754824305,46791548,7624619,0.736,1.286684783
swaptions,4,simsmall,665615801,3.56,7624751,6.815,111875508,8046037325,3722234990,0.46,3543.07,136549,1807100008,45325554,7777278,0.545,1.737614679
swaptions,8,simsmall,819472979,2.99,9567726,8.248,115994096,8225206080,4161132741,0.51,3609.74,136462,2046676514,48676965,9480430,0.311,3.045016077
swaptions,1,simmedium,1561701749,2.91,10081924,5.141,196112223,14321925870,9583390704,0.67,6197.8,136829,4437127076,74761217,9747271,4.619,1
swaptions,2,simmedium,1560653863,2.66,8930458,5.046,176974692,14248450286,9638005897,0.68,6154.09,136592,4426479580,56490747,8927811,2.249,2.05380169
swaptions,4,simmedium,1412118724,3.07,9784589,5.348,182967237,15091927017,9320522026,0.62,6564.2,136619,4252469222,61308142,9322727,1.489,3.102081934
swaptions,8,simmedium,1502798827,3.04,10895032,5.598,194637092,15717527345,9630234957,0.61,6926.34,136589,4456945952,65255464,10062502,1.19,3.881512605
swaptions,1,simlarge,4366985625,2.86,11508179,2.375,484605613,43540825622,31271424971,0.72,18678.96,136925,13893787774,124722820,10436774,21.481,1
swaptions,2,simlarge,4376563128,2.68,10025872,2.218,452095778,41581324928,31226704631,0.75,17913.81,136912,13851522243,99876521,10303081,10.179,2.110325179
swaptions,4,simlarge,4457906037,2.81,10727799,2.271,472429299,44162254244,31455399168,0.71,19228.22,136887,14022621179,126027052,11135299,4.889,4.393741051
swaptions,8,simlarge,4535482825,2.71,10498099,2.234,469912811,44283017758,31834732226,0.72,19544.82,137201,14224122547,107047390,10125212,3.284,6.541108404
vips,1,simsmall,389489029,4.45,10449481,11.038,94667537,4386053624,1817782575,0.41,1908.27,136406,942599847,50237161,10129007,0.138,1
vips,2,simsmall,377475523,4.44,10015608,10.847,92335952,4282341052,1825613884,0.43,1849.25,136433,937112929,47501564,9408808,0.012,11.5
vips,4,simsmall,372518183,4.36,8641673,9.9,87288177,4171109740,1763300801,0.42,1803.99,136313,902839095,42171069,8031067,0.019,7.263157895
vips,8,simsmall,371588632,4.46,9524589,10.87,87625086,4443881688,1860511830,0.42,1936.9,136397,954307868,45347284,9368231,0.015,9.2
vips,1,simmedium,386680382,4.49,9499619,10.231,92847982,4605673167,1795853459,0.39,2003.69,136498,938168655,49589541,9590621,0.012,1
vips,2,simmedium,359929049,4.55,10019670,11.204,89432444,4268915126,1734311790,0.41,1842.99,136417,908876176,44863589,9846904,0.012,1
vips,4,simmedium,369543583,4.47,9022019,10.189,88546916,4307818668,1792866573,0.42,1874.78,136860,924471416,44113650,8831821,0.015,0.8
vips,8,simmedium,382276262,4.5,10158908,10.851,93623102,4360834380,1740714211,0.4,1909.77,136391,918135951,48247115,9611703,0.015,0.8
vips,1,simlarge,380181900,4.25,9852234,10.967,89833931,4347519465,1806995419,0.42,1873.52,136386,943841743,45761503,9165464,0.022,1
vips,2,simlarge,374614270,4.73,10162882,10.627,95632523,4524631695,1775273196,0.39,1982.05,136329,920641011,50033963,9915905,0.01,2.2
vips,4,simlarge,377063614,4.56,8796780,9.37,93881315,5101625698,1822730407,0.36,2234.49,136645,944688364,48951957,9028245,0.021,1.047619048
vips,8,simlarge,366845221,4.5,8851783,9.926,89180789,4323487394,1784650298,0.41,1870.13,136642,922845294,45217174,8827077,0.02,1.1
x264,1,simsmall,372661888,4.84,10476181,10.597,98855460,4414366426,1791089819,0.41,1940.64,136293,932795974,53147753,9939043,0.033,1
x264,2,simsmall,382421013,4.33,10441246,11.75,88861691,4516078390,1800958005,0.4,1994.79,136096,940746097,45353906,10315270,0.05,0.66
x264,4,simsmall,391102608,4.36,9576826,10.409,92004426,4831484557,1874754290,0.39,2129.6,135995,968991553,46856344,9434701,0.021,1.571428571
x264,8,simsmall,370497515,4.53,9155916,10.56,86705635,4284582222,1743566667,0.41,1877.65,136021,903264601,45334044,9200544,0.012,2.75
x264,1,simmedium,371427537,4.34,8570312,9.99,85788754,4235871200,1787873340,0.42,1840,135959,920262769,43157804,8423860,0.005,1
x264,2,simmedium,359967491,4.2,7450225,8.983,82936085,3938757220,1734621443,0.44,1702.59,136007,890833500,38648620,7058468,0.01,0.5
x264,4,simmedium,370633334,4.3,7781574,9.351,83217142,4666123379,1776044455,0.38,2031.05,136017,908834052,39435439,7876779,0.011,0.454545455
x264,8,simmedium,380024113,4.33,8628133,10.169,84843714,4336135144,1803049486,0.42,1883.97,135942,936248965,42641623,8664513,0.012,0.416666667
x264,1,simlarge,436963407,3.65,7767116,9.122,85147232,4485543938,1887918893,0.42,1958.88,136373,992622035,39927278,7146838,0.006,1
x264,2,simlarge,369908058,4.31,9958151,11.675,85294605,4193945205,1783112628,0.43,1832.71,135780,912393674,43875938,8907745,0.018,0.333333333
x264,4,simlarge,367033696,4.39,9195574,10.466,87861793,4155612187,1746357568,0.42,1806.55,136006,901804291,44578756,8790318,0.015,0.4
x264,8,simlarge,385190196,4.16,8672873,10.169,85285510,4314986099,1719644085,0.4,1878.92,135965,899999994,40606809,8198894,0.024,0.25